-- phpMyAdmin SQL Dump
-- version 4.8.5
-- https://www.phpmyadmin.net/
--
-- Host: 127.0.0.1
-- Waktu pembuatan: 17 Agu 2019 pada 07.46
-- Versi server: 10.1.38-MariaDB
-- Versi PHP: 7.2.16

SET SQL_MODE = "NO_AUTO_VALUE_ON_ZERO";
SET AUTOCOMMIT = 0;
START TRANSACTION;
SET time_zone = "+00:00";


/*!40101 SET @OLD_CHARACTER_SET_CLIENT=@@CHARACTER_SET_CLIENT */;
/*!40101 SET @OLD_CHARACTER_SET_RESULTS=@@CHARACTER_SET_RESULTS */;
/*!40101 SET @OLD_COLLATION_CONNECTION=@@COLLATION_CONNECTION */;
/*!40101 SET NAMES utf8mb4 */;

--
-- Database: `sewaruangan`
--

-- --------------------------------------------------------

--
-- Struktur dari tabel `gedung`
--

CREATE TABLE `gedung` (
  `id_gedung` int(11) NOT NULL,
  `nama_gedung` varchar(50) NOT NULL
) ENGINE=InnoDB DEFAULT CHARSET=latin1;

--
-- Dumping data untuk tabel `gedung`
--

INSERT INTO `gedung` (`id_gedung`, `nama_gedung`) VALUES
(1, 'Gedung A Lantai 1'),
(2, 'Gedung A Lantai 2'),
(3, 'Gedung A Lantai 3'),
(4, 'Gedung B Lantai 1'),
(5, 'Gedung B Lantai 2'),
(6, 'Gedung B Lantai 3'),
(7, 'Gedung B Lantai 4'),
(8, 'Gedung B Lantai 5'),
(9, 'Gedung B Lantai 6');

-- --------------------------------------------------------

--
-- Struktur dari tabel `pesanan`
--

CREATE TABLE `pesanan` (
  `id_pesan` varchar(50) NOT NULL,
  `nama_pemesan` varchar(50) NOT NULL,
  `no_hp` varchar(20) NOT NULL,
  `email` varchar(50) NOT NULL,
  `tanggal_gunakan` date NOT NULL,
  `jam_mulai` time NOT NULL,
  `jam_selesai` time NOT NULL,
  `total_jam` double NOT NULL,
  `keterangan` text NOT NULL,
  `status_pesan` tinyint(4) NOT NULL,
  `ruangan_id` int(11) NOT NULL
) ENGINE=InnoDB DEFAULT CHARSET=latin1;

--
-- Dumping data untuk tabel `pesanan`
--

INSERT INTO `pesanan` (`id_pesan`, `nama_pemesan`, `no_hp`, `email`, `tanggal_gunakan`, `jam_mulai`, `jam_selesai`, `total_jam`, `keterangan`, `status_pesan`, `ruangan_id`) VALUES
('20190803062100', 'khamim', '0819', 'kham', '2019-08-01', '00:00:10', '00:00:12', 2, 'ok', 1, 2),
('20190803071406', 'khamim', '089', 'asep@gamil.com', '0000-00-00', '00:00:01', '00:00:08', 1, 'asd', 127, 1),
('20190804085638', 'yazi adityas', '123', 'as', '2019-08-04', '00:00:14', '00:00:24', 10, 'bismillah', 1, 5),
('20190810124138', 'Ammelya', '087804530676', 'ammelyas93@gmail.com', '2019-08-04', '00:00:14', '00:00:16', 2, 'Meeting NSC', 0, 11);

-- --------------------------------------------------------

--
-- Struktur dari tabel `ruangan`
--

CREATE TABLE `ruangan` (
  `id_ruangan` int(11) NOT NULL,
  `nama_ruangan` varchar(50) NOT NULL,
  `lokasi_ruangan` varchar(50) NOT NULL,
  `deskripsi_ruangan` text NOT NULL,
  `status_ruangan` tinyint(4) NOT NULL,
  `gambar_ruangan` varchar(100) NOT NULL,
  `gedung_id` int(11) NOT NULL
) ENGINE=InnoDB DEFAULT CHARSET=latin1;

--
-- Dumping data untuk tabel `ruangan`
--

INSERT INTO `ruangan` (`id_ruangan`, `nama_ruangan`, `lokasi_ruangan`, `deskripsi_ruangan`, `status_ruangan`, `gambar_ruangan`, `gedung_id`) VALUES
(1, 'UPT KOMPUTER STT', 'LANTAI 1', 'BELUM ADA', 0, 'image/produk/20190803072356.jpg', 1),
(2, 'LAB KOMPUTER STT', 'LANTAI 1', 'LAB KOMPUTER STT', 1, 'image/produk/20190803072521.jpg', 1),
(3, 'RUANG MEETING', 'LANTAI 1', 'RUANG MEETING DOSEN', 0, 'image/produk/20190803072712.jpg', 1),
(4, 'RUANG AKADEMIK STT', 'LANTAI 1', 'RUANG AKADEMIK STT', 0, 'image/produk/20190803072906.jpg', 1),
(5, 'RUANG DOSEN TI', 'LANTAI 1', 'FASILITAS 2 AC', 0, 'image/produk/20190803073050.jpg', 1),
(6, 'RUANG DOSEN ARSITEKTUR', 'LANTAI 1', 'FASILITAS 2 AC', 0, 'image/produk/20190803073235.jpg', 1),
(7, 'RUANG DOSEN TEKNIK LINGKUNGAN', 'LANTAI 1', 'FASILITAS 2 AC', 0, 'image/produk/20190803073501.jpg', 1),
(8, 'RUANG YAYASAN', 'LANTAI 1', 'RUANG KHUSUS YAYASAN , FASILITAS 1 PROYEKTOR , 1 AC DAN 1 WHITEBOARD', 0, 'image/produk/20190803073724.jpg', 1),
(9, 'R.K. 201', 'LANTAI 2', 'RUANG KELAS, FASILITAS 2 AC, 1 PROYEKTOR , 1 WHITEBOARD DAN 50 KURSI ', 1, 'image/produk/20190810100254.jpg', 2),
(10, 'R.K. 202', 'LANTAI 2', 'RUANG KELAS, FASILITAS 2 AC, 1 PROYEKTOR , 1 WHITEBOARD DAN 50 KURSI ', 1, 'image/produk/20190810100653.jpg', 2),
(11, 'R.K. 203', 'LANTAI 2', 'RUANG KELAS, FASILITAS 2 AC, 1 PROYEKTOR , 1 WHITEBOARD DAN 50 KURSI ', 1, 'image/produk/20190810100741.jpg', 2),
(12, 'R.K. 204', 'LANTAI 2', 'RUANG KELAS, FASILITAS 2 AC, 1 PROYEKTOR , 1 WHITEBOARD DAN 50 KURSI ', 1, 'image/produk/20190810100814.jpg', 2),
(13, 'R.K. 205', 'LANTAI 2', 'RUANG KELAS, FASILITAS 2 AC, 1 PROYEKTOR , 1 WHITEBOARD DAN 50 KURSI ', 1, 'image/produk/20190810101005.jpg', 2),
(14, 'R.K. 206', 'LANTAI 2', 'RUANG KELAS, FASILITAS 2 AC, 1 PROYEKTOR , 1 WHITEBOARD DAN 50 KURSI ', 1, 'image/produk/20190810101029.jpg', 2),
(15, 'R.K. 207', 'LANTAI 2', 'RUANG KELAS, FASILITAS 2 AC, 1 PROYEKTOR , 1 WHITEBOARD DAN 50 KURSI ', 1, 'image/produk/20190810101052.jpg', 2),
(16, 'R.K. 208', 'LANTAI 2', 'RUANG KELAS, FASILITAS 2 AC, 1 PROYEKTOR , 1 WHITEBOARD DAN 50 KURSI ', 1, 'image/produk/20190810101243.jpg', 2),
(17, 'R.K. 209', 'LANTAI 2', 'RUANG KELAS, FASILITAS 2 AC, 1 PROYEKTOR , 1 WHITEBOARD DAN 50 KURSI ', 1, 'image/produk/20190810101303.jpg', 2),
(18, 'R.K. 301', 'LANTAI 3', 'RUANG AUDITORIUM, FASILITAS 2 AC', 1, 'image/produk/20190810101411.jpg', 3),
(19, 'R.K. 302', 'LANTAI 3', 'RUANG KELAS, FASILITAS 2 AC, 1 PROYEKTOR , 1 WHITEBOARD DAN 60 KURSI ', 1, 'image/produk/20190810101501.jpg', 3),
(20, 'R.K. 303', 'LANTAI 3', 'RUANG KELAS, FASILITAS 2 AC, 1 PROYEKTOR , 1 WHITEBOARD DAN 60 KURSI ', 1, 'image/produk/20190810101519.jpg', 3),
(21, 'R.K. 304', 'LANTAI 3', 'RUANG KELAS, FASILITAS 2 AC, 1 PROYEKTOR , 1 WHITEBOARD DAN 60 KURSI ', 1, 'image/produk/20190810101542.jpg', 3),
(22, 'R.K. 305', 'LANTAI 3', 'RUANG KELAS, FASILITAS 2 AC, 1 PROYEKTOR , 1 WHITEBOARD DAN 60 KURSI ', 1, 'image/produk/20190810101606.jpg', 3),
(23, 'R.K. 306', 'LANTAI 3', 'RUANG KELAS, FASILITAS 2 AC, 1 PROYEKTOR , 1 WHITEBOARD DAN 60 KURSI ', 1, 'image/produk/20190810101627.jpg', 3),
(24, 'R.K. 307', 'LANTAI 3', 'RUANG KELAS, FASILITAS 2 AC, 1 PROYEKTOR , 1 WHITEBOARD DAN 60 KURSI ', 1, 'image/produk/20190810101652.jpg', 3),
(25, 'R.K. 308', 'LANTAI 3', 'RUANG KELAS, FASILITAS 2 AC, 1 PROYEKTOR , 1 WHITEBOARD DAN 60 KURSI ', 1, 'image/produk/20190810101716.jpg', 3),
(26, 'B. 102', 'LANTAI 1', 'FASILITAS 2 AC, 1 PROYEKTOR , 1 WHITEBOARD', 1, 'image/produk/20190803080336.jpg', 4),
(27, 'B. 104', 'LANTAI 1', 'RUANGAN MEETING , FASILITAS 2 AC, 1 PROYEKTOR , 1 WHITEBOARD DAN 40 KURSI ', 1, 'image/produk/20190803081214.jpg', 4),
(28, 'B. 105', 'LANTAI 1', 'FASILITAS 2 AC, 1 PROYEKTOR , 1 WHITEBOARD DAN 60 KURSI ', 1, 'image/produk/20190803081452.jpg', 4),
(29, 'PERPUSTAKAAN', 'LANTAI 1', 'AC 4', 0, 'image/produk/20190803081719.jpg', 4),
(30, 'B. 107', 'LANTAI 1', 'FASILITAS 1 AC, 1 PROYEKTOR , 1 WHITEBOARD', 1, 'image/produk/20190803081948.jpg', 4),
(31, 'B. 109 R AKADEMIK', 'LANTAI 1', 'FASILITAS 1 AC, 1 PROYEKTOR , 1 WHITEBOARD ', 0, 'image/produk/20190803082417.jpg', 4),
(32, 'LAB 1', 'LANTAI 1', 'LAB STIE , FASILITAS 2 AC, 1 PROYEKTOR , 1 WHITEBOARD DAN 60 KURSI ', 1, 'image/produk/20190803082649.jpg', 4),
(33, 'LAB KIMIA LINGKUNGAN', 'LANTAI 1', 'LAB KIMIA LINGKUNGAN, FASILITAS 2 AC, 1 PROYEKTOR , 1 WHITEBOARD DAN 60 KURSI ', 1, 'image/produk/20190803082838.jpg', 4),
(34, 'LAB STUDIO ARSITEK', 'LANTAI 1', 'LAB STUDIO ARSITEK, FASILITAS 2 AC, 1 PROYEKTOR , 1 WHITEBOARD DAN 60 KURSI ', 1, 'image/produk/20190803083028.jpg', 4),
(35, 'LAB KOMPUTER STIE', 'LANTAI 1', 'FASILITAS 2 AC, 1 PROYEKTOR , 1 WHITEBOARD DAN 60 KURSI ', 1, 'image/produk/20190803083217.jpg', 4),
(36, 'B. 202', 'LANTAI 2', 'RUANG KELAS, FASILITAS 2 AC, 1 PROYEKTOR , 1 WHITEBOARD DAN 50 KURSI ', 1, 'image/produk/20190803084547.jpg', 5),
(37, 'B. 203', 'LANTAI 2', 'RUANG KELAS, FASILITAS 2 AC, 1 PROYEKTOR , 1 WHITEBOARD DAN 50 KURSI ', 1, 'image/produk/20190803084907.jpg', 5),
(38, 'B. 204', 'LANTAI 2', 'RUANG KELAS, FASILITAS 2 AC, 1 PROYEKTOR , 1 WHITEBOARD DAN 50 KURSI ', 1, '', 5),
(39, 'B. 205', 'LANTAI 2', 'RUANG KELAS, FASILITAS 2 AC, 1 PROYEKTOR , 1 WHITEBOARD DAN 50 KURSI ', 1, 'image/produk/20190803085449.jpg', 5),
(40, 'B. 206', 'LANTAI 2', 'RUANG KELAS, FASILITAS 2 AC, 1 PROYEKTOR , 1 WHITEBOARD DAN 50 KURSI ', 1, 'image/produk/20190803085547.jpg', 5),
(41, 'B. 207', 'LANTAI 2', 'RUANG KELAS, FASILITAS 2 AC, 1 PROYEKTOR , 1 WHITEBOARD DAN 50 KURSI ', 1, 'image/produk/20190803085728.jpg', 5),
(42, 'B. 208', 'LANTAI 2', 'RUANG KELAS, FASILITAS 2 AC, 1 PROYEKTOR , 1 WHITEBOARD DAN 50 KURSI ', 1, 'image/produk/20190803085823.jpg', 5),
(43, 'B. 209', 'LANTAI 2', 'RUANG KELAS, FASILITAS 2 AC, 1 PROYEKTOR , 1 WHITEBOARD DAN 50 KURSI ', 1, 'image/produk/20190803085914.jpg', 2),
(44, 'B. 210', 'LANTAI 2', 'RUANG KELAS, FASILITAS 2 AC, 1 PROYEKTOR , 1 WHITEBOARD DAN 50 KURSI ', 1, 'image/produk/20190803090056.jpg', 2),
(45, 'B. 211', 'LANTAI 2', 'RUANG KELAS, FASILITAS 2 AC, 1 PROYEKTOR , 1 WHITEBOARD DAN 50 KURSI ', 1, 'image/produk/20190803090324.jpg', 2),
(46, 'B. 212', 'LANTAI 2', 'RUANG KELAS, FASILITAS 2 AC, 1 PROYEKTOR , 1 WHITEBOARD DAN 50 KURSI ', 1, 'image/produk/20190803090450.jpg', 2),
(47, 'B. 213', 'LANTAI 2', 'RUANG DOSEN, FASILITAS 2 AC, 1 PROYEKTOR , 1 WHITEBOARD DAN 50 KURSI ', 0, 'image/produk/20190803090611.jpg', 2),
(48, 'B. 214', 'LANTAI 2', 'RUANG KELAS, FASILITAS 2 AC, 1 PROYEKTOR , 1 WHITEBOARD DAN 50 KURSI ', 1, 'image/produk/20190803090927.jpg', 2),
(49, 'B. 215', 'LANTAI 2', 'RUANG KELAS, FASILITAS 2 AC, 1 PROYEKTOR , 1 WHITEBOARD DAN 50 KURSI ', 1, 'image/produk/20190803091055.jpg', 2),
(50, 'B. 216', 'LANTAI 2', 'RUANG PRODI DAN DOSEN AKUTANSI\r\nFASILITAS 2 AC, 1 PROYEKTOR , 1 WHITEBOARD', 0, 'image/produk/20190804030742.jpg', 5),
(51, 'B. 217', 'LANTAI 2', 'RUANGAN PUSPADIWIRA FASILITAS 2 AC, 1 PROYEKTOR , 1 WHITEBOARD', 0, 'image/produk/20190804031719.jpg', 5),
(52, 'B. 218', 'LANTAI 2', 'RUANG KELAS \r\nFASILITAS 2 AC, 1 PROYEKTOR , 1 WHITEBOARD', 1, '', 5),
(53, 'B. 219', 'LANTAI 2', 'RUANG KELAS\r\nFASILITAS 2 AC, 1 PROYEKTOR , 1 WHITEBOARD', 1, 'image/produk/20190804032311.jpg', 5),
(54, 'B. 220', 'LANTAI 2', 'RUANG KELAS\r\nFASILITAS 2 AC, 1 PROYEKTOR , 1 WHITEBOARD , 50 KURSI', 1, 'image/produk/20190804032450.jpg', 5),
(55, 'B. 221', 'LANTAI 2', 'Ruang Ketua STAI, Ruang Wakil Ketua STAI,Ruang Dosen Ekonomi Syariah\r\n', 0, 'image/produk/20190804032813.jpg', 5),
(56, 'B. 222', 'LANTAI 2', 'RUANG LPPM\r\nFASILITAS 2 AC, 1 PROYEKTOR , 1 WHITEBOARD DAN 50 KURSI ', 0, 'image/produk/20190804033223.jpg', 5),
(57, 'B. 223', 'LANTAI 2', 'RUANG KELAS \r\nFASILITAS 2 AC, 1 PROYEKTOR , 1 WHITEBOARD DAN 50 KURSI ', 1, 'image/produk/20190804033357.jpg', 5),
(58, 'B. 224', 'LANTAI 2', 'RUANG KELAS \r\nFASILITAS 2 AC, 1 PROYEKTOR , 1 WHITEBOARD DAN 50 KURSI ', 1, 'image/produk/20190804033452.jpg', 5),
(59, 'B. 225', 'LANTAI 2', 'RUANG KADPRODI DAN SEKPRODI MANAJEMEN\r\nFASILITAS 2 AC, 1 PROYEKTOR , 1 WHITEBOARD DAN 50 KURSI ', 0, 'image/produk/20190804033738.jpg', 5),
(60, 'B. 226', 'LANTAI 2', 'RUANG KELAS \r\nFASILITAS 2 AC, 1 PROYEKTOR , 1 WHITEBOARD DAN 50 KURSI ', 1, '', 5),
(61, 'B. 227', 'LANTAI 2', 'RUANG KELAS \r\nFASILITAS 2 AC, 1 PROYEKTOR , 1 WHITEBOARD DAN 50 KURSI ', 1, 'image/produk/20190804034042.jpg', 5),
(62, 'B. 228', 'LANTAI 2', 'RUANG KELAS \r\nFASILITAS 2 AC, 1 PROYEKTOR , 1 WHITEBOARD DAN 50 KURSI ', 1, 'image/produk/20190804034130.jpg', 5),
(63, 'R.K. 301', 'LANTAI 3', 'RUANG KELAS \r\nFASILITAS 2 AC, 1 PROYEKTOR , 1 WHITEBOARD DAN 50 KURSI ', 1, 'image/produk/20190804034627.jpg', 6),
(64, 'R.K. 302', 'LANTAI 3', 'RUANG KELAS \r\nFASILITAS 2 AC, 1 PROYEKTOR , 1 WHITEBOARD DAN 50 KURSI ', 1, 'image/produk/20190804034739.jpg', 6),
(65, 'R.K. 303', 'LANTAI 3', 'RUANG KELAS \r\nFASILITAS 2 AC, 1 PROYEKTOR , 1 WHITEBOARD DAN 50 KURSI ', 1, 'image/produk/20190804034843.jpg', 6),
(66, 'R.K. 304', 'LANTAI 3', 'RUANG KELAS \r\nFASILITAS 2 AC, 1 PROYEKTOR , 1 WHITEBOARD DAN 50 KURSI ', 1, 'image/produk/20190810012703.jpg', 6),
(67, 'R.K. 305', 'LANTAI 3', 'RUANG KELAS \r\nFASILITAS 2 AC, 1 PROYEKTOR , 1 WHITEBOARD DAN 50 KURSI ', 1, 'image/produk/20190810012826.jpg', 6),
(68, 'R.K. 306', 'LANTAI 3', 'RUANG KELAS \r\nFASILITAS 2 AC, 1 PROYEKTOR , 1 WHITEBOARD DAN 50 KURSI ', 1, 'image/produk/20190810013013.jpg', 6),
(69, 'R.K. 307', 'LANTAI 3', 'RUANG KELAS \r\nFASILITAS 2 AC, 1 PROYEKTOR , 1 WHITEBOARD DAN 50 KURSI ', 1, 'image/produk/20190810013029.jpg', 6),
(70, 'R.K. 308', 'LANTAI 3', 'RUANG KELAS \r\nFASILITAS 2 AC, 1 PROYEKTOR , 1 WHITEBOARD DAN 50 KURSI ', 1, 'image/produk/20190810013058.jpg', 6),
(71, 'R.K. 309', 'LANTAI 3', 'RUANG KELAS \r\nFASILITAS 2 AC, 1 PROYEKTOR , 1 WHITEBOARD DAN 50 KURSI ', 1, 'image/produk/20190804040008.jpg', 6),
(72, 'R.K. 310', 'LANTAI 3', 'RUANG KELAS \r\nFASILITAS 2 AC, 1 PROYEKTOR , 1 WHITEBOARD DAN 50 KURSI ', 1, 'image/produk/20190810013459.jpg', 6),
(73, 'R.K. 311', 'LANTAI 3', 'RUANG KELAS \r\nFASILITAS 2 AC, 1 PROYEKTOR , 1 WHITEBOARD DAN 50 KURSI ', 1, 'image/produk/20190804040150.jpg', 6),
(74, 'R.K. 312', 'LANTAI 3', 'RUANG KELAS \r\nFASILITAS 2 AC, 1 PROYEKTOR , 1 WHITEBOARD DAN 50 KURSI ', 1, 'image/produk/20190810013517.jpg', 6),
(75, 'R.K. 313', 'LANTAI 3', 'RUANG KELAS \r\nFASILITAS 2 AC, 1 PROYEKTOR , 1 WHITEBOARD DAN 50 KURSI ', 0, 'image/produk/20190810013533.jpg', 6),
(76, 'R.K. 314', 'LANTAI 3', 'RUANG KELAS \r\nFASILITAS 2 AC, 1 PROYEKTOR , 1 WHITEBOARD DAN 50 KURSI ', 1, 'image/produk/20190810013549.jpg', 6),
(77, 'R.K. 315', 'LANTAI 3', 'RUANG KELAS \r\nFASILITAS 2 AC, 1 PROYEKTOR , 1 WHITEBOARD DAN 50 KURSI ', 1, 'image/produk/20190810013604.jpg', 6),
(78, 'R.K. 316', 'LANTAI 3', 'RUANG KELAS \r\nFASILITAS 2 AC, 1 PROYEKTOR , 1 WHITEBOARD DAN 50 KURSI ', 1, 'image/produk/20190804040718.jpg', 6),
(79, 'R.K. 317', 'LANTAI 3', 'RUANG KELAS \r\nFASILITAS 2 AC, 1 PROYEKTOR , 1 WHITEBOARD DAN 50 KURSI ', 1, 'image/produk/20190804040810.jpg', 6),
(80, 'R.K. 318', 'LANTAI 3', 'RUANG KELAS \r\nFASILITAS 2 AC, 1 PROYEKTOR , 1 WHITEBOARD DAN 50 KURSI ', 1, 'image/produk/20190804040921.jpg', 6),
(81, 'R.K. 319', 'LANTAI 3', 'RUANG KELAS \r\nFASILITAS 2 AC, 1 PROYEKTOR , 1 WHITEBOARD DAN 50 KURSI ', 1, 'image/produk/20190810014033.jpg', 6),
(82, 'R.K. 320', 'LANTAI 3', 'RUANG KELAS \r\nFASILITAS 2 AC, 1 PROYEKTOR , 1 WHITEBOARD DAN 50 KURSI ', 1, 'image/produk/20190810014051.jpg', 6),
(83, 'R.K. 321', 'LANTAI 3', 'RUANG KELAS \r\nFASILITAS 2 AC, 1 PROYEKTOR , 1 WHITEBOARD DAN 50 KURSI ', 1, 'image/produk/20190804041210.jpg', 6),
(84, 'R.K. 322', 'LANTAI 3', 'RUANG DOSEN\r\nFASILITAS 2 AC, 1 PROYEKTOR , 1 WHITEBOARD DAN 50 KURSI ', 0, 'image/produk/20190804041310.jpg', 6),
(85, 'R.K. 323', 'LANTAI 3', 'RUANG KELAS \r\nFASILITAS 2 AC, 1 PROYEKTOR , 1 WHITEBOARD DAN 50 KURSI ', 1, 'image/produk/20190804041408.jpg', 6),
(86, 'R.K. 324', 'LANTAI 3', 'RUANG KELAS \r\nFASILITAS 2 AC, 1 PROYEKTOR , 1 WHITEBOARD DAN 50 KURSI ', 1, 'image/produk/20190804041443.jpg', 6),
(87, 'R.K. 325', 'LANTAI 3', 'RUANG KELAS \r\nFASILITAS 2 AC, 1 PROYEKTOR , 1 WHITEBOARD DAN 50 KURSI ', 1, 'image/produk/20190804041606.jpg', 6),
(88, 'R.K. 326', 'LANTAI 3', 'RUANG DOSEN\r\nFASILITAS 2 AC, 1 PROYEKTOR , 1 WHITEBOARD DAN 50 KURSI ', 0, 'image/produk/20190804041651.jpg', 6),
(89, 'R.K. 327', 'LANTAI 3', 'RUANG KELAS \r\nFASILITAS 2 AC, 1 PROYEKTOR , 1 WHITEBOARD DAN 50 KURSI ', 1, 'image/produk/20190804041728.jpg', 6),
(90, 'R.K. 328', 'LANTAI 3', 'RUANG KELAS \r\nFASILITAS 2 AC, 1 PROYEKTOR , 1 WHITEBOARD DAN 50 KURSI ', 1, 'image/produk/20190804041810.jpg', 6),
(91, 'R.K. 329', 'LANTAI 3', 'RUANG KELAS \r\nFASILITAS 2 AC, 1 PROYEKTOR , 1 WHITEBOARD DAN 50 KURSI ', 1, 'image/produk/20190804041847.jpg', 6),
(92, 'R.K. 401', 'LANTAI 4', 'RUANG KELAS \r\nFASILITAS 2 AC, 1 PROYEKTOR , 1 WHITEBOARD DAN 50 KURSI ', 1, 'image/produk/20190804042138.jpg', 7),
(93, 'R.K. 402', 'LANTAI 4', 'RUANG KELAS \r\nFASILITAS 2 AC, 1 PROYEKTOR , 1 WHITEBOARD DAN 50 KURSI ', 1, 'image/produk/20190804042225.jpg', 7),
(94, 'R.K. 403', 'LANTAI 4', 'RUANG KELAS \r\nFASILITAS 2 AC, 1 PROYEKTOR , 1 WHITEBOARD DAN 50 KURSI ', 1, 'image/produk/20190804042306.jpg', 7),
(95, 'R.K.404', 'LANTAI 4', 'RUANG KELAS \r\nFASILITAS 2 AC, 1 PROYEKTOR , 1 WHITEBOARD DAN 50 KURSI ', 1, 'image/produk/20190804042411.jpg', 7),
(96, 'R.K. 405', 'LANTAI 4', 'RUANG KELAS \r\nFASILITAS 2 AC, 1 PROYEKTOR , 1 WHITEBOARD DAN 50 KURSI ', 1, 'image/produk/20190804042509.jpg', 7),
(97, 'R.K. 406', 'LANTAI 4', 'RUANG KELAS \r\nFASILITAS 2 AC, 1 PROYEKTOR , 1 WHITEBOARD DAN 50 KURSI ', 1, 'image/produk/20190804042605.jpg', 7),
(98, 'R.K. 407', 'LANTAI 4', 'RUANG KELAS \r\nFASILITAS 2 AC, 1 PROYEKTOR , 1 WHITEBOARD DAN 50 KURSI ', 1, 'image/produk/20190804042653.jpg', 7),
(99, 'R.K. 408', 'LANTAI 4', 'RUANG KELAS \r\nFASILITAS 2 AC, 1 PROYEKTOR , 1 WHITEBOARD DAN 50 KURSI ', 1, 'image/produk/20190804042737.jpg', 7),
(100, 'R.K. 409', 'LANTAI 4', 'RUANG KELAS \r\nFASILITAS 2 AC, 1 PROYEKTOR , 1 WHITEBOARD DAN 50 KURSI ', 1, 'image/produk/20190804042921.jpg', 7),
(101, 'R.K. 410', 'LANTAI 4', 'RUANG KELAS \r\nFASILITAS 2 AC, 1 PROYEKTOR , 1 WHITEBOARD DAN 50 KURSI ', 1, 'image/produk/20190804043022.jpg', 7),
(102, 'R.K. 411', 'LANTAI 4', 'RUANG KELAS \r\nFASILITAS 2 AC, 1 PROYEKTOR , 1 WHITEBOARD DAN 50 KURSI ', 1, 'image/produk/20190810015941.jpg', 7),
(103, 'R.K. 412', 'LANTAI 4', 'RUANG KELAS \r\nFASILITAS 2 AC, 1 PROYEKTOR , 1 WHITEBOARD DAN 50 KURSI ', 1, 'image/produk/20190804043200.jpg', 7),
(104, 'R.K. 413', 'LANTAI 4', 'RUANG KELAS \r\nFASILITAS 2 AC, 1 PROYEKTOR , 1 WHITEBOARD DAN 50 KURSI ', 1, 'image/produk/20190804043250.jpg', 7),
(105, 'R.K. 414', 'LANTAI 4', 'RUANG KELAS \r\nFASILITAS 2 AC, 1 PROYEKTOR , 1 WHITEBOARD DAN 50 KURSI ', 1, 'image/produk/20190810020053.jpg', 7),
(106, 'R.K. 415', 'LANTAI 4', 'RUANG KELAS \r\nFASILITAS 2 AC, 1 PROYEKTOR , 1 WHITEBOARD DAN 50 KURSI ', 1, 'image/produk/20190810020143.jpg', 7),
(107, 'R.K. 416', 'LANTAI 4', 'RUANG KELAS \r\nFASILITAS 2 AC, 1 PROYEKTOR , 1 WHITEBOARD DAN 50 KURSI ', 1, 'image/produk/20190810020307.jpg', 7),
(108, 'R.K. 417', 'LANTAI 4', 'RUANG KELAS \r\nFASILITAS 2 AC, 1 PROYEKTOR , 1 WHITEBOARD DAN 50 KURSI ', 1, 'image/produk/20190810020625.jpg', 7),
(109, 'R.K. 418', 'LANTAI 4', 'RUANG KELAS \r\nFASILITAS 2 AC, 1 PROYEKTOR , 1 WHITEBOARD DAN 50 KURSI ', 1, 'image/produk/20190810021923.jpg', 7),
(110, 'R.K. 419', 'LANTAI 4', 'RUANG KELAS \r\nFASILITAS 2 AC, 1 PROYEKTOR , 1 WHITEBOARD DAN 50 KURSI ', 1, 'image/produk/20190804043815.jpg', 7),
(111, 'R.K. 420', 'LANTAI 4', 'RUANG KELAS \r\nFASILITAS 2 AC, 1 PROYEKTOR , 1 WHITEBOARD DAN 50 KURSI ', 1, 'image/produk/20190810022728.jpg', 7),
(112, 'R.K. 421', 'LANTAI 4', 'RUANG KELAS \r\nFASILITAS 2 AC, 1 PROYEKTOR , 1 WHITEBOARD DAN 50 KURSI ', 1, 'image/produk/20190810022749.jpg', 7),
(113, 'R.K. 422', 'LANTAI 4', 'RUANG KELAS \r\nFASILITAS 2 AC, 1 PROYEKTOR , 1 WHITEBOARD DAN 50 KURSI ', 1, 'image/produk/20190804044100.jpg', 7),
(114, 'R.K. 423', 'LANTAI 4', 'RUANG KELAS \r\nFASILITAS 2 AC, 1 PROYEKTOR , 1 WHITEBOARD DAN 50 KURSI ', 1, 'image/produk/20190810022812.jpg', 7),
(115, 'R.K. 424', 'LANTAI 4', 'RUANG KELAS \r\nFASILITAS 2 AC, 1 PROYEKTOR , 1 WHITEBOARD DAN 50 KURSI ', 1, 'image/produk/20190810022833.jpg', 7),
(116, 'R.K. 425', 'LANTAI 4', 'RUANG KELAS \r\nFASILITAS 2 AC, 1 PROYEKTOR , 1 WHITEBOARD DAN 50 KURSI ', 1, 'image/produk/20190810022858.jpg', 7),
(117, 'R.K. 426', 'LANTAI 4', 'RUANG KELAS \r\nFASILITAS 2 AC, 1 PROYEKTOR , 1 WHITEBOARD DAN 50 KURSI ', 1, 'image/produk/20190810022921.jpg', 7),
(118, 'R.K. 427', 'LANTAI 4', 'RUANG KELAS \r\nFASILITAS 2 AC, 1 PROYEKTOR , 1 WHITEBOARD DAN 50 KURSI ', 1, 'image/produk/20190810023028.jpg', 7),
(119, 'R.K. 428', 'LANTAI 4', 'RUANG KELAS \r\nFASILITAS 2 AC, 1 PROYEKTOR , 1 WHITEBOARD DAN 50 KURSI ', 1, 'image/produk/20190810023046.jpg', 7),
(120, 'R.K. 429', 'LANTAI 4', 'RUANG KELAS \r\nFASILITAS 2 AC, 1 PROYEKTOR , 1 WHITEBOARD DAN 50 KURSI ', 1, 'image/produk/20190804044626.jpg', 7),
(121, 'R.K. 501', 'LANTAI 5', 'RUANG KELAS \r\nFASILITAS 2 AC, 1 PROYEKTOR , 1 WHITEBOARD DAN 50 KURSI ', 1, 'image/produk/20190804044749.jpg', 8),
(122, 'R.K. 502', 'LANTAI 5', 'RUANG KELAS \r\nFASILITAS 2 AC, 1 PROYEKTOR , 1 WHITEBOARD DAN 50 KURSI ', 1, 'image/produk/20190804044828.jpg', 8),
(123, 'R.K. 503', 'LANTAI 5', 'RUANG KELAS \r\nFASILITAS 2 AC, 1 PROYEKTOR , 1 WHITEBOARD DAN 50 KURSI ', 0, 'image/produk/20190804044909.jpg', 8),
(124, 'R.K. 504', 'LANTAI 5', 'RUANG KELAS \r\nFASILITAS 2 AC, 1 PROYEKTOR , 1 WHITEBOARD DAN 50 KURSI ', 1, 'image/produk/20190810024729.jpg', 8),
(125, 'R.K. 505', 'LANTAI 5', 'RUANG KELAS \r\nFASILITAS 2 AC, 1 PROYEKTOR , 1 WHITEBOARD DAN 50 KURSI ', 1, 'image/produk/20190810024743.jpg', 8),
(126, 'R.K. 506', 'LANTAI 5', 'RUANG KELAS \r\nFASILITAS 2 AC, 1 PROYEKTOR , 1 WHITEBOARD DAN 50 KURSI ', 1, 'image/produk/20190810024804.jpg', 8),
(127, 'R.K. 507', 'LANTAI 5', 'RUANG KELAS \r\nFASILITAS 2 AC, 1 PROYEKTOR , 1 WHITEBOARD DAN 50 KURSI ', 1, 'image/produk/20190804045350.jpg', 8),
(128, 'R.K. 508', 'LANTAI 5', 'RUANG KELAS \r\nFASILITAS 2 AC, 1 PROYEKTOR , 1 WHITEBOARD DAN 50 KURSI ', 1, 'image/produk/20190804045435.jpg', 8),
(129, 'R.K. 509', 'LANTAI 5', 'RUANG KELAS \r\nFASILITAS 2 AC, 1 PROYEKTOR , 1 WHITEBOARD DAN 50 KURSI ', 1, 'image/produk/20190804045633.jpg', 8),
(130, 'R.K. 510', 'LANTAI 5', 'RUANG KELAS \r\nFASILITAS 2 AC, 1 PROYEKTOR , 1 WHITEBOARD DAN 50 KURSI ', 1, 'image/produk/20190804045720.jpg', 8),
(131, 'R.K. 511', 'LANTAI 5', 'RUANG KELAS \r\nFASILITAS 2 AC, 1 PROYEKTOR , 1 WHITEBOARD DAN 50 KURSI ', 1, 'image/produk/20190804045757.jpg', 8),
(132, 'R.K. 512', 'LANTAI 5', 'RUANG KELAS \r\nFASILITAS 2 AC, 1 PROYEKTOR , 1 WHITEBOARD DAN 50 KURSI ', 1, 'image/produk/20190804045839.jpg', 8),
(133, 'R.K. 513', 'LANTAI 5', 'RUANG KELAS \r\nFASILITAS 2 AC, 1 PROYEKTOR , 1 WHITEBOARD DAN 50 KURSI ', 1, 'image/produk/20190810024818.jpg', 8),
(134, 'R.K. 514', 'LANTAI 5', 'RUANG KELAS \r\nFASILITAS 2 AC, 1 PROYEKTOR , 1 WHITEBOARD DAN 50 KURSI ', 1, 'image/produk/20190810024837.jpg', 8),
(135, 'R.K. 515', 'LANTAI 5', 'RUANG KELAS \r\nFASILITAS 2 AC, 1 PROYEKTOR , 1 WHITEBOARD DAN 50 KURSI ', 1, 'image/produk/20190810024853.jpg', 8),
(136, 'R.K. 516', 'LANTAI 5', 'RUANG KELAS \r\nFASILITAS 2 AC, 1 PROYEKTOR , 1 WHITEBOARD DAN 50 KURSI ', 1, 'image/produk/20190810024915.jpg', 8),
(137, 'R.K. 517', 'LANTAI 5', 'RUANG KELAS \r\nFASILITAS 2 AC, 1 PROYEKTOR , 1 WHITEBOARD DAN 50 KURSI ', 1, 'image/produk/20190810025019.jpg', 8),
(138, 'R.K. 518', 'LANTAI 5', 'RUANG KELAS \r\nFASILITAS 2 AC, 1 PROYEKTOR , 1 WHITEBOARD DAN 50 KURSI ', 1, 'image/produk/20190804050419.jpg', 8),
(139, 'R.K. 519', 'LANTAI 5', 'RUANG KELAS \r\nFASILITAS 2 AC, 1 PROYEKTOR , 1 WHITEBOARD DAN 50 KURSI ', 1, 'image/produk/20190804050452.jpg', 8),
(140, 'R.K. 520', 'LANTAI 5', 'RUANG KELAS \r\nFASILITAS 2 AC, 1 PROYEKTOR , 1 WHITEBOARD DAN 50 KURSI ', 1, 'image/produk/20190804050606.jpg', 8),
(141, 'R.K. 521', 'LANTAI 5', 'RUANG KELAS \r\nFASILITAS 2 AC, 1 PROYEKTOR , 1 WHITEBOARD DAN 50 KURSI ', 1, 'image/produk/20190810025809.jpg', 8),
(142, 'R.K. 522', 'LANTAI 5', 'RUANG KELAS \r\nFASILITAS 2 AC, 1 PROYEKTOR , 1 WHITEBOARD DAN 50 KURSI ', 1, 'image/produk/20190804050734.jpg', 8),
(143, 'R.K. 523', 'LANTAI 5', 'RUANG KELAS \r\nFASILITAS 2 AC, 1 PROYEKTOR , 1 WHITEBOARD DAN 50 KURSI ', 1, 'image/produk/20190810025826.jpg', 8),
(144, 'R.K. 524', 'LANTAI 5', 'RUANG KELAS \r\nFASILITAS 2 AC, 1 PROYEKTOR , 1 WHITEBOARD DAN 50 KURSI ', 1, 'image/produk/20190810025854.jpg', 8),
(145, 'R.K. 525', 'LANTAI 5', 'RUANG KELAS \r\nFASILITAS 2 AC, 1 PROYEKTOR , 1 WHITEBOARD DAN 50 KURSI ', 1, 'image/produk/20190810025911.jpg', 8),
(146, 'R.K. 526', 'LANTAI 5', 'RUANG KELAS \r\nFASILITAS 2 AC, 1 PROYEKTOR , 1 WHITEBOARD DAN 50 KURSI ', 1, 'image/produk/20190810025940.jpg', 8),
(147, 'R.K. 527', 'LANTAI 5', 'RUANG KELAS \r\nFASILITAS 2 AC, 1 PROYEKTOR , 1 WHITEBOARD DAN 50 KURSI ', 1, 'image/produk/20190810030010.jpg', 8),
(148, 'R.K. 528', 'LANTAI 5', 'RUANG KELAS \r\nFASILITAS 2 AC, 1 PROYEKTOR , 1 WHITEBOARD DAN 50 KURSI ', 1, 'image/produk/20190810030036.jpg', 8),
(149, 'R.K. 529', 'LANTAI 5', 'RUANG KELAS \r\nFASILITAS 2 AC, 1 PROYEKTOR , 1 WHITEBOARD DAN 50 KURSI ', 1, 'image/produk/20190810012241.jpg', 8),
(152, 'R. UKM SENI', 'LANTAI 5', 'RUANG SENI', 1, 'image/produk/20190810011412.jpg', 8),
(153, 'RUANG AULA A', 'LANTAI 6', 'RUANG AULA A\r\nFASILITAS AC, PROYEKTOR, LAYAR PROYEKTOR,\r\nKAPASITAS: 1000 KURSI', 1, 'image/produk/20190810035801.jpg', 9),
(154, 'RUANG AULA B', 'LANTAI 6', 'RUANG AULA B\r\nFASILITAS AC, PROYEKTOR, LAYAR PROYEKTOR,\r\nKAPASITAS: 1000 KURSI', 1, 'image/produk/20190810035844.jpg', 9),
(155, 'RUANG AULA C', 'LANTAI 6', 'RUANG AULA C\r\nFASILITAS AC, PROYEKTOR, LAYAR PROYEKTOR,\r\nKAPASITAS: 1000 KURSI', 1, 'image/produk/20190810035933.jpg', 9);

--
-- Indexes for dumped tables
--

--
-- Indeks untuk tabel `gedung`
--
ALTER TABLE `gedung`
  ADD PRIMARY KEY (`id_gedung`);

--
-- Indeks untuk tabel `pesanan`
--
ALTER TABLE `pesanan`
  ADD PRIMARY KEY (`id_pesan`),
  ADD KEY `ruangan_id` (`ruangan_id`);

--
-- Indeks untuk tabel `ruangan`
--
ALTER TABLE `ruangan`
  ADD PRIMARY KEY (`id_ruangan`),
  ADD KEY `gedung_id` (`gedung_id`);

--
-- AUTO_INCREMENT untuk tabel yang dibuang
--

--
-- AUTO_INCREMENT untuk tabel `gedung`
--
ALTER TABLE `gedung`
  MODIFY `id_gedung` int(11) NOT NULL AUTO_INCREMENT, AUTO_INCREMENT=10;

--
-- AUTO_INCREMENT untuk tabel `ruangan`
--
ALTER TABLE `ruangan`
  MODIFY `id_ruangan` int(11) NOT NULL AUTO_INCREMENT, AUTO_INCREMENT=156;

--
-- Ketidakleluasaan untuk tabel pelimpahan (Dumped Tables)
--

--
-- Ketidakleluasaan untuk tabel `pesanan`
--
ALTER TABLE `pesanan`
  ADD CONSTRAINT `pesanan_ibfk_1` FOREIGN KEY (`ruangan_id`) REFERENCES `ruangan` (`id_ruangan`) ON DELETE CASCADE ON UPDATE CASCADE;

--
-- Ketidakleluasaan untuk tabel `ruangan`
--
ALTER TABLE `ruangan`
  ADD CONSTRAINT `ruangan_ibfk_1` FOREIGN KEY (`gedung_id`) REFERENCES `gedung` (`id_gedung`) ON DELETE CASCADE ON UPDATE CASCADE;
COMMIT;

/*!40101 SET CHARACTER_SET_CLIENT=@OLD_CHARACTER_SET_CLIENT */;
/*!40101 SET CHARACTER_SET_RESULTS=@OLD_CHARACTER_SET_RESULTS */;
/*!40101 SET COLLATION_CONNECTION=@OLD_COLLATION_CONNECTION */;
